key,value
ISO3,IND
HDR Country Name,India
Human Development Groups,Medium
UNDP Developeing Regions,SA
HDI Rank (2021),132
Human Development Index (value) (1990),.434
Human Development Index (value) (1991),.437
Human Development Index (value) (1992),.442
Human Development Index (value) (1993),.446
Human Development Index (value) (1994),.452
Human Development Index (value) (1995),.458
Human Development Index (value) (1996),.466
Human Development Index (value) (1997),.471
Human Development Index (value) (1998),.478
Human Development Index (value) (1999),.486
Human Development Index (value) (2000),.491
Human Development Index (value) (2001),.496
Human Development Index (value) (2002),.503
Human Development Index (value) (2003),.516
Human Development Index (value) (2004),.525
Human Development Index (value) (2005),.534
Human Development Index (value) (2006),.543
Human Development Index (value) (2007),.553
Human Development Index (value) (2008),.5600000000000001
Human Development Index (value) (2009),.5649999999999999
Human Development Index (value) (2010),.575
Human Development Index (value) (2011),.588
Human Development Index (value) (2012),.598
Human Development Index (value) (2013),.607
Human Development Index (value) (2014),.619
Human Development Index (value) (2015),.629
Human Development Index (value) (2016),.639
Human Development Index (value) (2017),.644
Human Development Index (value) (2018),.645
Human Development Index (value) (2019),.645
Human Development Index (value) (2020),.642
Human Development Index (value) (2021),.633
Life Expectancy at Birth (years) (1990),58.6516
Life Expectancy at Birth (years) (1991),59.0547
Life Expectancy at Birth (years) (1992),59.4524
Life Expectancy at Birth (years) (1993),59.8152
Life Expectancy at Birth (years) (1994),60.2158
Life Expectancy at Birth (years) (1995),60.5962
Life Expectancy at Birth (years) (1996),60.9841
Life Expectancy at Birth (years) (1997),61.3876
Life Expectancy at Birth (years) (1998),61.7919
Life Expectancy at Birth (years) (1999),62.2069
Life Expectancy at Birth (years) (2000),62.6693
Life Expectancy at Birth (years) (2001),63.0913
Life Expectancy at Birth (years) (2002),63.616
Life Expectancy at Birth (years) (2003),64.0942
Life Expectancy at Birth (years) (2004),64.5244
Life Expectancy at Birth (years) (2005),64.99550000000001
Life Expectancy at Birth (years) (2006),65.4123
Life Expectancy at Birth (years) (2007),65.7884
Life Expectancy at Birth (years) (2008),66.149
Life Expectancy at Birth (years) (2009),66.5132
Life Expectancy at Birth (years) (2010),66.90860000000001
Life Expectancy at Birth (years) (2011),67.35899999999999
Life Expectancy at Birth (years) (2012),67.88720000000001
Life Expectancy at Birth (years) (2013),68.4598
Life Expectancy at Birth (years) (2014),69.0736
Life Expectancy at Birth (years) (2015),69.63630000000001
Life Expectancy at Birth (years) (2016),70.11669999999999
Life Expectancy at Birth (years) (2017),70.46720000000001
Life Expectancy at Birth (years) (2018),70.70950000000001
Life Expectancy at Birth (years) (2019),70.9098
Life Expectancy at Birth (years) (2020),70.1499
Life Expectancy at Birth (years) (2021),67.2398
Expected Years of Schooling (years) (1990),7.996357701
Expected Years of Schooling (years) (1991),8.026842836
Expected Years of Schooling (years) (1992),8.057444193
Expected Years of Schooling (years) (1993),8.088162214
Expected Years of Schooling (years) (1994),8.118997343
Expected Years of Schooling (years) (1995),8.149950026999999
Expected Years of Schooling (years) (1996),8.175550461
Expected Years of Schooling (years) (1997),8.209850311
Expected Years of Schooling (years) (1998),8.242063522
Expected Years of Schooling (years) (1999),8.274276733000001
Expected Years of Schooling (years) (2000),8.306489944000001
Expected Years of Schooling (years) (2001),8.337169647
Expected Years of Schooling (years) (2002),8.527839661
Expected Years of Schooling (years) (2003),9.122170448
Expected Years of Schooling (years) (2004),9.386282920999999
Expected Years of Schooling (years) (2005),9.650395393
Expected Years of Schooling (years) (2006),9.914507865999999
Expected Years of Schooling (years) (2007),10.17862034
Expected Years of Schooling (years) (2008),10.48252964
Expected Years of Schooling (years) (2009),10.41897011
Expected Years of Schooling (years) (2010),10.73542976
Expected Years of Schooling (years) (2011),11.29448032
Expected Years of Schooling (years) (2012),11.52486038
Expected Years of Schooling (years) (2013),11.54076004
Expected Years of Schooling (years) (2014),11.86649036
Expected Years of Schooling (years) (2015),11.94699955
Expected Years of Schooling (years) (2016),12.34372044
Expected Years of Schooling (years) (2017),12.16333008
Expected Years of Schooling (years) (2018),11.81347513
Expected Years of Schooling (years) (2019),11.46362019
Expected Years of Schooling (years) (2020),11.87462044
Expected Years of Schooling (years) (2021),11.87462044
Mean Years of Schooling (years) (1990),2.78157628
Mean Years of Schooling (years) (1991),2.884945669
Mean Years of Schooling (years) (1992),2.988315058
Mean Years of Schooling (years) (1993),3.091684447
Mean Years of Schooling (years) (1994),3.195053836
Mean Years of Schooling (years) (1995),3.298423224
Mean Years of Schooling (years) (1996),3.467573133
Mean Years of Schooling (years) (1997),3.636723042
Mean Years of Schooling (years) (1998),3.805872951
Mean Years of Schooling (years) (1999),3.97502286
Mean Years of Schooling (years) (2000),4.144172769
Mean Years of Schooling (years) (2001),4.22122995
Mean Years of Schooling (years) (2002),4.298287131
Mean Years of Schooling (years) (2003),4.375344311
Mean Years of Schooling (years) (2004),4.452401492
Mean Years of Schooling (years) (2005),4.529458673
Mean Years of Schooling (years) (2006),4.636586948
Mean Years of Schooling (years) (2007),4.743715224
Mean Years of Schooling (years) (2008),4.8508435
Mean Years of Schooling (years) (2009),4.957971775
Mean Years of Schooling (years) (2010),5.065100051
Mean Years of Schooling (years) (2011),5.301909924
Mean Years of Schooling (years) (2012),5.538719796
Mean Years of Schooling (years) (2013),5.775529669
Mean Years of Schooling (years) (2014),6.012339541
Mean Years of Schooling (years) (2015),6.249149414
Mean Years of Schooling (years) (2016),6.350639359
Mean Years of Schooling (years) (2017),6.452129304
Mean Years of Schooling (years) (2018),6.55361925
Mean Years of Schooling (years) (2019),6.655109195
Mean Years of Schooling (years) (2020),6.655109195
Mean Years of Schooling (years) (2021),6.655109195
Gross National Income Per Capita (2017 PPP$) (1990),1790.407349
Gross National Income Per Capita (2017 PPP$) (1991),1768.858819
Gross National Income Per Capita (2017 PPP$) (1992),1828.853344
Gross National Income Per Capita (2017 PPP$) (1993),1880.994675
Gross National Income Per Capita (2017 PPP$) (1994),1969.856125
Gross National Income Per Capita (2017 PPP$) (1995),2082.000116
Gross National Income Per Capita (2017 PPP$) (1996),2201.077996
Gross National Income Per Capita (2017 PPP$) (1997),2249.544553
Gross National Income Per Capita (2017 PPP$) (1998),2345.162554
Gross National Income Per Capita (2017 PPP$) (1999),2509.046377
Gross National Income Per Capita (2017 PPP$) (2000),2552.804903
Gross National Income Per Capita (2017 PPP$) (2001),2634.934649
Gross National Income Per Capita (2017 PPP$) (2002),2694.230739
Gross National Income Per Capita (2017 PPP$) (2003),2856.486272
Gross National Income Per Capita (2017 PPP$) (2004),3034.450608
Gross National Income Per Capita (2017 PPP$) (2005),3222.757097
Gross National Income Per Capita (2017 PPP$) (2006),3426.91817
Gross National Income Per Capita (2017 PPP$) (2007),3646.928626
Gross National Income Per Capita (2017 PPP$) (2008),3698.175689
Gross National Income Per Capita (2017 PPP$) (2009),3933.116277
Gross National Income Per Capita (2017 PPP$) (2010),4189.433074
Gross National Income Per Capita (2017 PPP$) (2011),4361.090551
Gross National Income Per Capita (2017 PPP$) (2012),4529.016173
Gross National Income Per Capita (2017 PPP$) (2013),4758.303085
Gross National Income Per Capita (2017 PPP$) (2014),5056.665926
Gross National Income Per Capita (2017 PPP$) (2015),5401.490996
Gross National Income Per Capita (2017 PPP$) (2016),5732.913931
Gross National Income Per Capita (2017 PPP$) (2017),6116.059654
Gross National Income Per Capita (2017 PPP$) (2018),6449.18609
Gross National Income Per Capita (2017 PPP$) (2019),6650.054097
Gross National Income Per Capita (2017 PPP$) (2020),6107.493949
Gross National Income Per Capita (2017 PPP$) (2021),6589.980037
GDI Group (2021),5
Gender Development Index (value) (1990),.707
Gender Development Index (value) (1991),.707
Gender Development Index (value) (1992),.71
Gender Development Index (value) (1993),.711
Gender Development Index (value) (1994),.714
Gender Development Index (value) (1995),.717
Gender Development Index (value) (1996),.726
Gender Development Index (value) (1997),.734
Gender Development Index (value) (1998),.741
Gender Development Index (value) (1999),.75
Gender Development Index (value) (2000),.757
Gender Development Index (value) (2001),.759
Gender Development Index (value) (2002),.763
Gender Development Index (value) (2003),.78
Gender Development Index (value) (2004),.784
Gender Development Index (value) (2005),.787
Gender Development Index (value) (2006),.79
Gender Development Index (value) (2007),.793
Gender Development Index (value) (2008),.797
Gender Development Index (value) (2009),.803
Gender Development Index (value) (2010),.8100000000000001
Gender Development Index (value) (2011),.8129999999999999
Gender Development Index (value) (2012),.826
Gender Development Index (value) (2013),.831
Gender Development Index (value) (2014),.835
Gender Development Index (value) (2015),.838
Gender Development Index (value) (2016),.848
Gender Development Index (value) (2017),.851
Gender Development Index (value) (2018),.849
Gender Development Index (value) (2019),.852
Gender Development Index (value) (2020),.845
Gender Development Index (value) (2021),.849
HDI female (1990),.3470821958108469
HDI female (1991),.3495098073406319
HDI female (1992),.3545060713089703
HDI female (1993),.3590696400958911
HDI female (1994),.3648898681166248
HDI female (1995),.3710055265921462
HDI female (1996),.3805794157410506
HDI female (1997),.3886321175315332
HDI female (1998),.3974874410315974
HDI female (1999),.4080206744142054
HDI female (2000),.4156665847769295
HDI female (2001),.4196569844612563
HDI female (2002),.4259465696551575
HDI female (2003),.4424823400586153
HDI female (2004),.4508465174419279
HDI female (2005),.4591813381607743
HDI female (2006),.4682974227604739
HDI female (2007),.4771468377948992
HDI female (2008),.4825161200221842
HDI female (2009),.4905536251083285
HDI female (2010),.5024833078254973
HDI female (2011),.5134660893103203
HDI female (2012),.5270208412455687
HDI female (2013),.5363262401863669
HDI female (2014),.5488908947510904
HDI female (2015),.5589555079281358
HDI female (2016),.5720898548757041
HDI female (2017),.5774672103911064
HDI female (2018),.5772355166264844
HDI female (2019),.5788605377043663
HDI female (2020),.5724489815226856
HDI female (2021),.566684747760222
"Life Expectancy at Birth, female (years) (1990)",59.5366
"Life Expectancy at Birth, female (years) (1991)",59.9565
"Life Expectancy at Birth, female (years) (1992)",60.335
"Life Expectancy at Birth, female (years) (1993)",60.6497
"Life Expectancy at Birth, female (years) (1994)",61.0071
"Life Expectancy at Birth, female (years) (1995)",61.3508
"Life Expectancy at Birth, female (years) (1996)",61.7332
"Life Expectancy at Birth, female (years) (1997)",62.1477
"Life Expectancy at Birth, female (years) (1998)",62.5947
"Life Expectancy at Birth, female (years) (1999)",63.1109
"Life Expectancy at Birth, female (years) (2000)",63.6388
"Life Expectancy at Birth, female (years) (2001)",64.1306
"Life Expectancy at Birth, female (years) (2002)",64.7289
"Life Expectancy at Birth, female (years) (2003)",65.28700000000001
"Life Expectancy at Birth, female (years) (2004)",65.8313
"Life Expectancy at Birth, female (years) (2005)",66.37869999999999
"Life Expectancy at Birth, female (years) (2006)",66.89109999999999
"Life Expectancy at Birth, female (years) (2007)",67.342
"Life Expectancy at Birth, female (years) (2008)",67.78579999999999
"Life Expectancy at Birth, female (years) (2009)",68.21510000000001
"Life Expectancy at Birth, female (years) (2010)",68.64490000000001
"Life Expectancy at Birth, female (years) (2011)",69.1058
"Life Expectancy at Birth, female (years) (2012)",69.5921
"Life Expectancy at Birth, female (years) (2013)",70.0831
"Life Expectancy at Birth, female (years) (2014)",70.60169999999999
"Life Expectancy at Birth, female (years) (2015)",71.0767
"Life Expectancy at Birth, female (years) (2016)",71.5029
"Life Expectancy at Birth, female (years) (2017)",71.8561
"Life Expectancy at Birth, female (years) (2018)",72.14230000000001
"Life Expectancy at Birth, female (years) (2019)",72.3954
"Life Expectancy at Birth, female (years) (2020)",71.8237
"Life Expectancy at Birth, female (years) (2021)",68.88639999999999
"Expected Years of Schooling, female (years) (1990)",6.536914456
"Expected Years of Schooling, female (years) (1991)",6.609032632
"Expected Years of Schooling, female (years) (1992)",6.681946449
"Expected Years of Schooling, female (years) (1993)",6.755664683
"Expected Years of Schooling, female (years) (1994)",6.830196211
"Expected Years of Schooling, female (years) (1995)",6.905550003
"Expected Years of Schooling, female (years) (1996)",6.978189945
"Expected Years of Schooling, female (years) (1997)",7.079329967
"Expected Years of Schooling, female (years) (1998)",7.151193301
"Expected Years of Schooling, female (years) (1999)",7.223056634
"Expected Years of Schooling, female (years) (2000)",7.294919968
"Expected Years of Schooling, female (years) (2001)",7.371280193
"Expected Years of Schooling, female (years) (2002)",7.649390221
"Expected Years of Schooling, female (years) (2003)",8.612999916
"Expected Years of Schooling, female (years) (2004)",8.897337436999999
"Expected Years of Schooling, female (years) (2005)",9.181674957
"Expected Years of Schooling, female (years) (2006)",9.466012478
"Expected Years of Schooling, female (years) (2007)",9.750349998000001
"Expected Years of Schooling, female (years) (2008)",9.988770007999999
"Expected Years of Schooling, female (years) (2009)",10.22719002
"Expected Years of Schooling, female (years) (2010)",10.53427029
"Expected Years of Schooling, female (years) (2011)",11.01766968
"Expected Years of Schooling, female (years) (2012)",11.78787088
"Expected Years of Schooling, female (years) (2013)",11.89286995
"Expected Years of Schooling, female (years) (2014)",12.24182987
"Expected Years of Schooling, female (years) (2015)",12.33078003
"Expected Years of Schooling, female (years) (2016)",12.88070011
"Expected Years of Schooling, female (years) (2017)",12.63963985
"Expected Years of Schooling, female (years) (2018)",12.1467948
"Expected Years of Schooling, female (years) (2019)",11.65394974
"Expected Years of Schooling, female (years) (2020)",11.94211006
"Expected Years of Schooling, female (years) (2021)",11.94211006
"Mean Years of Schooling, female (years) (1990)",1.793044518
"Mean Years of Schooling, female (years) (1991)",1.841278464
"Mean Years of Schooling, female (years) (1992)",1.88951241
"Mean Years of Schooling, female (years) (1993)",1.937746356
"Mean Years of Schooling, female (years) (1994)",1.985980303
"Mean Years of Schooling, female (years) (1995)",2.034214249
"Mean Years of Schooling, female (years) (1996)",2.29635526
"Mean Years of Schooling, female (years) (1997)",2.558496272
"Mean Years of Schooling, female (years) (1998)",2.820637283
"Mean Years of Schooling, female (years) (1999)",3.082778294
"Mean Years of Schooling, female (years) (2000)",3.344919306
"Mean Years of Schooling, female (years) (2001)",3.284102591
"Mean Years of Schooling, female (years) (2002)",3.223285877
"Mean Years of Schooling, female (years) (2003)",3.162469162
"Mean Years of Schooling, female (years) (2004)",3.101652447
"Mean Years of Schooling, female (years) (2005)",3.040835733
"Mean Years of Schooling, female (years) (2006)",3.179246187
"Mean Years of Schooling, female (years) (2007)",3.317656641
"Mean Years of Schooling, female (years) (2008)",3.456067095
"Mean Years of Schooling, female (years) (2009)",3.594477549
"Mean Years of Schooling, female (years) (2010)",3.732888003
"Mean Years of Schooling, female (years) (2011)",4.045360088
"Mean Years of Schooling, female (years) (2012)",4.357832174
"Mean Years of Schooling, female (years) (2013)",4.67030426
"Mean Years of Schooling, female (years) (2014)",4.982776345
"Mean Years of Schooling, female (years) (2015)",5.295248431
"Mean Years of Schooling, female (years) (2016)",5.534321033
"Mean Years of Schooling, female (years) (2017)",5.773393636
"Mean Years of Schooling, female (years) (2018)",6.012466238
"Mean Years of Schooling, female (years) (2019)",6.251538841
"Mean Years of Schooling, female (years) (2020)",6.251538841
"Mean Years of Schooling, female (years) (2021)",6.251538841
"Gross National Income Per Capita, female (2017 PPP$) (1990)",748.4095644535556
"Gross National Income Per Capita, female (2017 PPP$) (1991)",740.6152433959803
"Gross National Income Per Capita, female (2017 PPP$) (1992)",767.7394755733371
"Gross National Income Per Capita, female (2017 PPP$) (1993)",792.5633720493929
"Gross National Income Per Capita, female (2017 PPP$) (1994)",834.2077870783748
"Gross National Income Per Capita, female (2017 PPP$) (1995)",883.3413155038438
"Gross National Income Per Capita, female (2017 PPP$) (1996)",935.6115252853607
"Gross National Income Per Capita, female (2017 PPP$) (1997)",957.9227433121661
"Gross National Income Per Capita, female (2017 PPP$) (1998)",1000.382869791005
"Gross National Income Per Capita, female (2017 PPP$) (1999)",1072.174532372068
"Gross National Income Per Capita, female (2017 PPP$) (2000)",1092.834621851923
"Gross National Income Per Capita, female (2017 PPP$) (2001)",1137.134050513832
"Gross National Income Per Capita, female (2017 PPP$) (2002)",1172.12180767865
"Gross National Income Per Capita, female (2017 PPP$) (2003)",1252.675308126605
"Gross National Income Per Capita, female (2017 PPP$) (2004)",1341.178912311548
"Gross National Income Per Capita, female (2017 PPP$) (2005)",1435.303976245876
"Gross National Income Per Capita, female (2017 PPP$) (2006)",1485.66273975038
"Gross National Income Per Capita, female (2017 PPP$) (2007)",1537.80848552921
"Gross National Income Per Capita, female (2017 PPP$) (2008)",1515.706218715852
"Gross National Income Per Capita, female (2017 PPP$) (2009)",1565.89398059816
"Gross National Income Per Capita, female (2017 PPP$) (2010)",1706.134653702841
"Gross National Income Per Capita, female (2017 PPP$) (2011)",1702.889733417495
"Gross National Income Per Capita, female (2017 PPP$) (2012)",1693.857785534719
"Gross National Income Per Capita, female (2017 PPP$) (2013)",1764.421509039673
"Gross National Income Per Capita, female (2017 PPP$) (2014)",1859.341946948679
"Gross National Income Per Capita, female (2017 PPP$) (2015)",1969.743545107481
"Gross National Income Per Capita, female (2017 PPP$) (2016)",2073.847317201541
"Gross National Income Per Capita, female (2017 PPP$) (2017)",2194.915404123882
"Gross National Income Per Capita, female (2017 PPP$) (2018)",2219.470197652578
"Gross National Income Per Capita, female (2017 PPP$) (2019)",2318.928550172506
"Gross National Income Per Capita, female (2017 PPP$) (2020)",2069.811199265706
"Gross National Income Per Capita, female (2017 PPP$) (2021)",2277.265524208479
HDI male (1990),.4911820155760873
HDI male (1991),.494232085160834
HDI male (1992),.4996170269013884
HDI male (1993),.5046830288043864
HDI male (1994),.5107701534306706
HDI male (1995),.5172650552813639
HDI male (1996),.5243629361267101
HDI male (1997),.5296729322559492
HDI male (1998),.5361305223214344
HDI male (1999),.5437084357644952
HDI male (2000),.5491098896699357
HDI male (2001),.553060473968997
HDI male (2002),.5583713579784089
HDI male (2003),.5670364887415957
HDI male (2004),.5752688451176066
HDI male (2005),.5837887311091288
HDI male (2006),.592643563394136
HDI male (2007),.6014210059788342
HDI male (2008),.6050895220228446
HDI male (2009),.6111992014888137
HDI male (2010),.6204847404222382
HDI male (2011),.6315167411456069
HDI male (2012),.6383336627711064
HDI male (2013),.6456721821511521
HDI male (2014),.6575474468610193
HDI male (2015),.6668757308416394
HDI male (2016),.6749915142117663
HDI male (2017),.6783472224955508
HDI male (2018),.679753863093657
HDI male (2019),.6792531911749354
HDI male (2020),.6772055019257691
HDI male (2021),.6678135327913711
"Life Expectancy at Birth, male (years) (1990)",57.876
"Life Expectancy at Birth, male (years) (1991)",58.2557
"Life Expectancy at Birth, male (years) (1992)",58.6596
"Life Expectancy at Birth, male (years) (1993)",59.0537
"Life Expectancy at Birth, male (years) (1994)",59.4826
"Life Expectancy at Birth, male (years) (1995)",59.8899
"Life Expectancy at Birth, male (years) (1996)",60.2767
"Life Expectancy at Birth, male (years) (1997)",60.6652
"Life Expectancy at Birth, male (years) (1998)",61.0281
"Life Expectancy at Birth, male (years) (1999)",61.3511
"Life Expectancy at Birth, male (years) (2000)",61.754
"Life Expectancy at Birth, male (years) (2001)",62.1135
"Life Expectancy at Birth, male (years) (2002)",62.5727
"Life Expectancy at Birth, male (years) (2003)",62.9813
"Life Expectancy at Birth, male (years) (2004)",63.3128
"Life Expectancy at Birth, male (years) (2005)",63.7186
"Life Expectancy at Birth, male (years) (2006)",64.0534
"Life Expectancy at Birth, male (years) (2007)",64.3653
"Life Expectancy at Birth, male (years) (2008)",64.65430000000001
"Life Expectancy at Birth, male (years) (2009)",64.962
"Life Expectancy at Birth, male (years) (2010)",65.32680000000001
"Life Expectancy at Birth, male (years) (2011)",65.7651
"Life Expectancy at Birth, male (years) (2012)",66.3242
"Life Expectancy at Birth, male (years) (2013)",66.9607
"Life Expectancy at Birth, male (years) (2014)",67.6506
"Life Expectancy at Birth, male (years) (2015)",68.2846
"Life Expectancy at Birth, male (years) (2016)",68.81019999999999
"Life Expectancy at Birth, male (years) (2017)",69.15949999999999
"Life Expectancy at Birth, male (years) (2018)",69.3672
"Life Expectancy at Birth, male (years) (2019)",69.52549999999999
"Life Expectancy at Birth, male (years) (2020)",68.6147
"Life Expectancy at Birth, male (years) (2021)",65.7563
"Expected Years of Schooling, male (years) (1990)",9.352672364
"Expected Years of Schooling, male (years) (1991)",9.339577316
"Expected Years of Schooling, male (years) (1992)",9.326500604
"Expected Years of Schooling, male (years) (1993)",9.313442200000001
"Expected Years of Schooling, male (years) (1994)",9.30040208
"Expected Years of Schooling, male (years) (1995)",9.287380218999999
"Expected Years of Schooling, male (years) (1996)",9.268030166999999
"Expected Years of Schooling, male (years) (1997)",9.239410400000001
"Expected Years of Schooling, male (years) (1998)",9.233780225
"Expected Years of Schooling, male (years) (1999)",9.22815005
"Expected Years of Schooling, male (years) (2000)",9.222519875
"Expected Years of Schooling, male (years) (2001)",9.210300446
"Expected Years of Schooling, male (years) (2002)",9.320449828999999
"Expected Years of Schooling, male (years) (2003)",9.58273983
"Expected Years of Schooling, male (years) (2004)",9.827977419
"Expected Years of Schooling, male (years) (2005)",10.07321501
"Expected Years of Schooling, male (years) (2006)",10.3184526
"Expected Years of Schooling, male (years) (2007)",10.56369019
"Expected Years of Schooling, male (years) (2008)",10.57777023
"Expected Years of Schooling, male (years) (2009)",10.59185028
"Expected Years of Schooling, male (years) (2010)",10.91615963
"Expected Years of Schooling, male (years) (2011)",11.29703999
"Expected Years of Schooling, male (years) (2012)",11.26184988
"Expected Years of Schooling, male (years) (2013)",11.22665977
"Expected Years of Schooling, male (years) (2014)",11.53120041
"Expected Years of Schooling, male (years) (2015)",11.60334969
"Expected Years of Schooling, male (years) (2016)",11.86143017
"Expected Years of Schooling, male (years) (2017)",11.7343998
"Expected Years of Schooling, male (years) (2018)",11.5138998
"Expected Years of Schooling, male (years) (2019)",11.29339981
"Expected Years of Schooling, male (years) (2020)",11.81324005
"Expected Years of Schooling, male (years) (2021)",11.81324005
"Mean Years of Schooling, male (years) (1990)",3.620608856
"Mean Years of Schooling, male (years) (1991)",3.7803416
"Mean Years of Schooling, male (years) (1992)",3.940074343
"Mean Years of Schooling, male (years) (1993)",4.099807087
"Mean Years of Schooling, male (years) (1994)",4.259539831
"Mean Years of Schooling, male (years) (1995)",4.419272574
"Mean Years of Schooling, male (years) (1996)",4.632249566
"Mean Years of Schooling, male (years) (1997)",4.845226557
"Mean Years of Schooling, male (years) (1998)",5.058203549
"Mean Years of Schooling, male (years) (1999)",5.27118054
"Mean Years of Schooling, male (years) (2000)",5.484157532
"Mean Years of Schooling, male (years) (2001)",5.565798712
"Mean Years of Schooling, male (years) (2002)",5.647439892
"Mean Years of Schooling, male (years) (2003)",5.729081072
"Mean Years of Schooling, male (years) (2004)",5.810722252
"Mean Years of Schooling, male (years) (2005)",5.892363432
"Mean Years of Schooling, male (years) (2006)",5.982878654
"Mean Years of Schooling, male (years) (2007)",6.073393875
"Mean Years of Schooling, male (years) (2008)",6.163909097
"Mean Years of Schooling, male (years) (2009)",6.254424318
"Mean Years of Schooling, male (years) (2010)",6.344939539
"Mean Years of Schooling, male (years) (2011)",6.525969982
"Mean Years of Schooling, male (years) (2012)",6.707000425
"Mean Years of Schooling, male (years) (2013)",6.888030868
"Mean Years of Schooling, male (years) (2014)",7.069061311
"Mean Years of Schooling, male (years) (2015)",7.250091753
"Mean Years of Schooling, male (years) (2016)",7.244767329
"Mean Years of Schooling, male (years) (2017)",7.239442904
"Mean Years of Schooling, male (years) (2018)",7.234118479
"Mean Years of Schooling, male (years) (2019)",7.228794054
"Mean Years of Schooling, male (years) (2020)",7.228794054
"Mean Years of Schooling, male (years) (2021)",7.228794054
"Gross National Income Per Capita, male (2017 PPP$) (1990)",2764.057028719964
"Gross National Income Per Capita, male (2017 PPP$) (1991)",2729.997783278964
"Gross National Income Per Capita, male (2017 PPP$) (1992)",2820.926609418457
"Gross National Income Per Capita, male (2017 PPP$) (1993)",2898.671538525436
"Gross National Income Per Capita, male (2017 PPP$) (1994)",3031.561673788773
"Gross National Income Per Capita, male (2017 PPP$) (1995)",3202.294727316806
"Gross National Income Per Capita, male (2017 PPP$) (1996)",3383.35711028784
"Gross National Income Per Capita, male (2017 PPP$) (1997)",3455.75991465787
"Gross National Income Per Capita, male (2017 PPP$) (1998)",3600.491129196078
"Gross National Income Per Capita, male (2017 PPP$) (1999)",3849.844566516359
"Gross National Income Per Capita, male (2017 PPP$) (2000)",3914.737455222852
"Gross National Income Per Capita, male (2017 PPP$) (2001)",4031.829305257394
"Gross National Income Per Capita, male (2017 PPP$) (2002)",4113.613111799778
"Gross National Income Per Capita, male (2017 PPP$) (2003)",4351.966738162108
"Gross National Income Per Capita, male (2017 PPP$) (2004)",4613.349291448724
"Gross National Income Per Capita, male (2017 PPP$) (2005)",4889.596395977129
"Gross National Income Per Capita, male (2017 PPP$) (2006)",5237.450144958594
"Gross National Income Per Capita, male (2017 PPP$) (2007)",5614.457322396053
"Gross National Income Per Capita, male (2017 PPP$) (2008)",5734.681852129682
"Gross National Income Per Capita, male (2017 PPP$) (2009)",6142.703974644365
"Gross National Income Per Capita, male (2017 PPP$) (2010)",6508.156115384892
"Gross National Income Per Capita, male (2017 PPP$) (2011)",6844.048545344664
"Gross National Income Per Capita, male (2017 PPP$) (2012)",7178.309571434476
"Gross National Income Per Capita, male (2017 PPP$) (2013)",7556.964508270255
"Gross National Income Per Capita, male (2017 PPP$) (2014)",8046.44073765455
"Gross National Income Per Capita, male (2017 PPP$) (2015)",8611.23112287927
"Gross National Income Per Capita, male (2017 PPP$) (2016)",9155.966579391867
"Gross National Income Per Capita, male (2017 PPP$) (2017)",9785.093406295668
"Gross National Income Per Capita, male (2017 PPP$) (2018)",10407.97524937867
"Gross National Income Per Capita, male (2017 PPP$) (2019)",10705.07134769786
"Gross National Income Per Capita, male (2017 PPP$) (2020)",9889.76705928826
"Gross National Income Per Capita, male (2017 PPP$) (2021)",10632.93290660724
Inequality-adjusted Human Development Index (value) (2010),.404
Inequality-adjusted Human Development Index (value) (2011),.415
Inequality-adjusted Human Development Index (value) (2012),.423
Inequality-adjusted Human Development Index (value) (2013),.431
Inequality-adjusted Human Development Index (value) (2014),.441
Inequality-adjusted Human Development Index (value) (2015),.459
Inequality-adjusted Human Development Index (value) (2016),.469
Inequality-adjusted Human Development Index (value) (2017),.473
Inequality-adjusted Human Development Index (value) (2018),.476
Inequality-adjusted Human Development Index (value) (2019),.482
Inequality-adjusted Human Development Index (value) (2020),.481
Inequality-adjusted Human Development Index (value) (2021),.475
Coefficient of human inequality (2010),29.0744413
Coefficient of human inequality (2011),28.7728685
Coefficient of human inequality (2012),28.47177063
Coefficient of human inequality (2013),28.18294845666667
Coefficient of human inequality (2014),27.87921081666667
Coefficient of human inequality (2015),26.41276048
Coefficient of human inequality (2016),26.13743343333333
Coefficient of human inequality (2017),25.87529506666667
Coefficient of human inequality (2018),25.62413349
Coefficient of human inequality (2019),24.80447006333333
Coefficient of human inequality (2020),24.54688962333333
Coefficient of human inequality (2021),24.39381027333333
Overall loss (%) (2010),29.7391304347826
Overall loss (%) (2011),29.421768707483
Overall loss (%) (2012),29.26421404682274
Overall loss (%) (2013),28.99505766062603
Overall loss (%) (2014),28.75605815831987
Overall loss (%) (2015),27.02702702702703
Overall loss (%) (2016),26.60406885758999
Overall loss (%) (2017),26.55279503105591
Overall loss (%) (2018),26.20155038759691
Overall loss (%) (2019),25.27131782945737
Overall loss (%) (2020),25.0778816199377
Overall loss (%) (2021),24.96050552922592
Inequality in life expectancy (2010),25.6433239
Inequality in life expectancy (2011),24.7386055
Inequality in life expectancy (2012),23.83531189
Inequality in life expectancy (2013),22.96884537
Inequality in life expectancy (2014),22.05763245
Inequality in life expectancy (2015),21.20155144
Inequality in life expectancy (2016),20.3755703
Inequality in life expectancy (2017),19.5891552
Inequality in life expectancy (2018),18.83567047
Inequality in life expectancy (2019),18.16868019
Inequality in life expectancy (2020),17.39593887
Inequality in life expectancy (2021),16.93670082
Inequality in eduation (2010),42.42
Inequality in eduation (2011),42.42
Inequality in eduation (2012),42.42
Inequality in eduation (2013),42.42
Inequality in eduation (2014),42.42
Inequality in eduation (2015),38.66773
Inequality in eduation (2016),38.66773
Inequality in eduation (2017),38.66773
Inequality in eduation (2018),38.66773
Inequality in eduation (2019),36.87573
Inequality in eduation (2020),36.87573
Inequality in eduation (2021),36.87573
Inequality in income (2010),19.16
Inequality in income (2011),19.16
Inequality in income (2012),19.16
Inequality in income (2013),19.16
Inequality in income (2014),19.16
Inequality in income (2015),19.369
Inequality in income (2016),19.369
Inequality in income (2017),19.369
Inequality in income (2018),19.369
Inequality in income (2019),19.369
Inequality in income (2020),19.369
Inequality in income (2021),19.369
GII Rank (2021),122
Gender Inequality Index (value) (1990),.71
Gender Inequality Index (value) (1991),.711
Gender Inequality Index (value) (1992),.709
Gender Inequality Index (value) (1993),.706
Gender Inequality Index (value) (1994),.704
Gender Inequality Index (value) (1995),.701
Gender Inequality Index (value) (1996),.694
Gender Inequality Index (value) (1997),.6879999999999999
Gender Inequality Index (value) (1998),.678
Gender Inequality Index (value) (1999),.67
Gender Inequality Index (value) (2000),.664
Gender Inequality Index (value) (2001),.66
Gender Inequality Index (value) (2002),.655
Gender Inequality Index (value) (2003),.647
Gender Inequality Index (value) (2004),.636
Gender Inequality Index (value) (2005),.618
Gender Inequality Index (value) (2006),.61
Gender Inequality Index (value) (2007),.603
Gender Inequality Index (value) (2008),.606
Gender Inequality Index (value) (2009),.589
Gender Inequality Index (value) (2010),.582
Gender Inequality Index (value) (2011),.576
Gender Inequality Index (value) (2012),.571
Gender Inequality Index (value) (2013),.5649999999999999
Gender Inequality Index (value) (2014),.5580000000000001
Gender Inequality Index (value) (2015),.525
Gender Inequality Index (value) (2016),.516
Gender Inequality Index (value) (2017),.51
Gender Inequality Index (value) (2018),.505
Gender Inequality Index (value) (2019),.486
Gender Inequality Index (value) (2020),.493
Gender Inequality Index (value) (2021),.49
"Maternal Mortality Ratio (deaths per 100,000 live births) (1990)",599
"Maternal Mortality Ratio (deaths per 100,000 live births) (1991)",570
"Maternal Mortality Ratio (deaths per 100,000 live births) (1992)",544
"Maternal Mortality Ratio (deaths per 100,000 live births) (1993)",519
"Maternal Mortality Ratio (deaths per 100,000 live births) (1994)",492
"Maternal Mortality Ratio (deaths per 100,000 live births) (1995)",468
"Maternal Mortality Ratio (deaths per 100,000 live births) (1996)",446
"Maternal Mortality Ratio (deaths per 100,000 live births) (1997)",423
"Maternal Mortality Ratio (deaths per 100,000 live births) (1998)",405
"Maternal Mortality Ratio (deaths per 100,000 live births) (1999)",388
"Maternal Mortality Ratio (deaths per 100,000 live births) (2000)",370
"Maternal Mortality Ratio (deaths per 100,000 live births) (2001)",354
"Maternal Mortality Ratio (deaths per 100,000 live births) (2002)",336
"Maternal Mortality Ratio (deaths per 100,000 live births) (2003)",319
"Maternal Mortality Ratio (deaths per 100,000 live births) (2004)",303
"Maternal Mortality Ratio (deaths per 100,000 live births) (2005)",286
"Maternal Mortality Ratio (deaths per 100,000 live births) (2006)",270
"Maternal Mortality Ratio (deaths per 100,000 live births) (2007)",255
"Maternal Mortality Ratio (deaths per 100,000 live births) (2008)",240
"Maternal Mortality Ratio (deaths per 100,000 live births) (2009)",225
"Maternal Mortality Ratio (deaths per 100,000 live births) (2010)",210
"Maternal Mortality Ratio (deaths per 100,000 live births) (2011)",197
"Maternal Mortality Ratio (deaths per 100,000 live births) (2012)",185
"Maternal Mortality Ratio (deaths per 100,000 live births) (2013)",175
"Maternal Mortality Ratio (deaths per 100,000 live births) (2014)",166
"Maternal Mortality Ratio (deaths per 100,000 live births) (2015)",158
"Maternal Mortality Ratio (deaths per 100,000 live births) (2016)",150
"Maternal Mortality Ratio (deaths per 100,000 live births) (2017)",133
"Maternal Mortality Ratio (deaths per 100,000 live births) (2018)",133
"Maternal Mortality Ratio (deaths per 100,000 live births) (2019)",133
"Maternal Mortality Ratio (deaths per 100,000 live births) (2020)",133
"Maternal Mortality Ratio (deaths per 100,000 live births) (2021)",133
"Adolescent Birth Rate (births per 1,000 women ages 15-19) (1990)",122.287
"Adolescent Birth Rate (births per 1,000 women ages 15-19) (1991)",128.465
"Adolescent Birth Rate (births per 1,000 women ages 15-19) (1992)",128.913
"Adolescent Birth Rate (births per 1,000 women ages 15-19) (1993)",123.529
"Adolescent Birth Rate (births per 1,000 women ages 15-19) (1994)",124.343
"Adolescent Birth Rate (births per 1,000 women ages 15-19) (1995)",122.403
"Adolescent Birth Rate (births per 1,000 women ages 15-19) (1996)",114.425
"Adolescent Birth Rate (births per 1,000 women ages 15-19) (1997)",111.706
"Adolescent Birth Rate (births per 1,000 women ages 15-19) (1998)",110.369
"Adolescent Birth Rate (births per 1,000 women ages 15-19) (1999)",104.382
"Adolescent Birth Rate (births per 1,000 women ages 15-19) (2000)",100.704
"Adolescent Birth Rate (births per 1,000 women ages 15-19) (2001)",99.575
"Adolescent Birth Rate (births per 1,000 women ages 15-19) (2002)",93.536
"Adolescent Birth Rate (births per 1,000 women ages 15-19) (2003)",86.914
"Adolescent Birth Rate (births per 1,000 women ages 15-19) (2004)",73.229
"Adolescent Birth Rate (births per 1,000 women ages 15-19) (2005)",55.703
"Adolescent Birth Rate (births per 1,000 women ages 15-19) (2006)",47.951
"Adolescent Birth Rate (births per 1,000 women ages 15-19) (2007)",45.112
"Adolescent Birth Rate (births per 1,000 women ages 15-19) (2008)",48.306
"Adolescent Birth Rate (births per 1,000 women ages 15-19) (2009)",41.494
"Adolescent Birth Rate (births per 1,000 women ages 15-19) (2010)",39.222
"Adolescent Birth Rate (births per 1,000 women ages 15-19) (2011)",36.935
"Adolescent Birth Rate (births per 1,000 women ages 15-19) (2012)",34.535
"Adolescent Birth Rate (births per 1,000 women ages 15-19) (2013)",33.962
"Adolescent Birth Rate (births per 1,000 women ages 15-19) (2014)",34.643
"Adolescent Birth Rate (births per 1,000 women ages 15-19) (2015)",22.432
"Adolescent Birth Rate (births per 1,000 women ages 15-19) (2016)",20.025
"Adolescent Birth Rate (births per 1,000 women ages 15-19) (2017)",20.42
"Adolescent Birth Rate (births per 1,000 women ages 15-19) (2018)",19.275
"Adolescent Birth Rate (births per 1,000 women ages 15-19) (2019)",17.701
"Adolescent Birth Rate (births per 1,000 women ages 15-19) (2020)",17.278
"Adolescent Birth Rate (births per 1,000 women ages 15-19) (2021)",17.234
"Share of seats in parliament, female (% held by women) (1990)",7.341772152
"Share of seats in parliament, female (% held by women) (1991)",7.341772152
"Share of seats in parliament, female (% held by women) (1992)",7.341772152
"Share of seats in parliament, female (% held by women) (1993)",7.341772152
"Share of seats in parliament, female (% held by women) (1994)",7.341772152
"Share of seats in parliament, female (% held by women) (1995)",7.341772152
"Share of seats in parliament, female (% held by women) (1996)",7.341772152
"Share of seats in parliament, female (% held by women) (1997)",7.341772152
"Share of seats in parliament, female (% held by women) (1998)",8.256880733999999
"Share of seats in parliament, female (% held by women) (1999)",8.496732026
"Share of seats in parliament, female (% held by women) (2000)",8.496732026
"Share of seats in parliament, female (% held by women) (2001)",8.917197452
"Share of seats in parliament, female (% held by women) (2002)",8.917197452
"Share of seats in parliament, female (% held by women) (2003)",9.299363057000001
"Share of seats in parliament, female (% held by women) (2004)",9.275730622999999
"Share of seats in parliament, female (% held by women) (2005)",9.299363057000001
"Share of seats in parliament, female (% held by women) (2006)",9.021601017
"Share of seats in parliament, female (% held by women) (2007)",9.311224490000001
"Share of seats in parliament, female (% held by women) (2008)",9.183673469
"Share of seats in parliament, female (% held by women) (2009)",10.28277635
"Share of seats in parliament, female (% held by women) (2010)",10.67344346
"Share of seats in parliament, female (% held by women) (2011)",10.91370558
"Share of seats in parliament, female (% held by women) (2012)",10.88607595
"Share of seats in parliament, female (% held by women) (2013)",10.88607595
"Share of seats in parliament, female (% held by women) (2014)",11.83206107
"Share of seats in parliament, female (% held by women) (2015)",12.21374046
"Share of seats in parliament, female (% held by women) (2016)",11.68996188
"Share of seats in parliament, female (% held by women) (2017)",11.57760814
"Share of seats in parliament, female (% held by women) (2018)",11.68164313
"Share of seats in parliament, female (% held by women) (2019)",13.48600509
"Share of seats in parliament, female (% held by women) (2020)",13.39285714
"Share of seats in parliament, female (% held by women) (2021)",13.44430218
"Share of seats in parliament, male (% held by men) (1990)",92.65822785
"Share of seats in parliament, male (% held by men) (1991)",92.65822785
"Share of seats in parliament, male (% held by men) (1992)",92.65822785
"Share of seats in parliament, male (% held by men) (1993)",92.65822785
"Share of seats in parliament, male (% held by men) (1994)",92.65822785
"Share of seats in parliament, male (% held by men) (1995)",92.65822785
"Share of seats in parliament, male (% held by men) (1996)",92.65822785
"Share of seats in parliament, male (% held by men) (1997)",92.65822785
"Share of seats in parliament, male (% held by men) (1998)",91.74311926999999
"Share of seats in parliament, male (% held by men) (1999)",91.50326797
"Share of seats in parliament, male (% held by men) (2000)",91.50326797
"Share of seats in parliament, male (% held by men) (2001)",91.08280255
"Share of seats in parliament, male (% held by men) (2002)",91.08280255
"Share of seats in parliament, male (% held by men) (2003)",90.70063694
"Share of seats in parliament, male (% held by men) (2004)",90.72426938
"Share of seats in parliament, male (% held by men) (2005)",90.70063694
"Share of seats in parliament, male (% held by men) (2006)",90.97839897999999
"Share of seats in parliament, male (% held by men) (2007)",90.68877551
"Share of seats in parliament, male (% held by men) (2008)",90.81632653
"Share of seats in parliament, male (% held by men) (2009)",89.71722364999999
"Share of seats in parliament, male (% held by men) (2010)",89.32655654
"Share of seats in parliament, male (% held by men) (2011)",89.08629442
"Share of seats in parliament, male (% held by men) (2012)",89.11392404999999
"Share of seats in parliament, male (% held by men) (2013)",89.11392404999999
"Share of seats in parliament, male (% held by men) (2014)",88.16793893000001
"Share of seats in parliament, male (% held by men) (2015)",87.78625954
"Share of seats in parliament, male (% held by men) (2016)",88.31003812
"Share of seats in parliament, male (% held by men) (2017)",88.42239186
"Share of seats in parliament, male (% held by men) (2018)",88.31835687
"Share of seats in parliament, male (% held by men) (2019)",86.51399490999999
"Share of seats in parliament, male (% held by men) (2020)",86.60714286
"Share of seats in parliament, male (% held by men) (2021)",86.55569782000001
"Labour force participation rate, female (% ages 15 and older) (1990)",30.443
"Labour force participation rate, female (% ages 15 and older) (1991)",30.453
"Labour force participation rate, female (% ages 15 and older) (1992)",30.493
"Labour force participation rate, female (% ages 15 and older) (1993)",30.57
"Labour force participation rate, female (% ages 15 and older) (1994)",30.692
"Labour force participation rate, female (% ages 15 and older) (1995)",30.656
"Labour force participation rate, female (% ages 15 and older) (1996)",30.621
"Labour force participation rate, female (% ages 15 and older) (1997)",30.584
"Labour force participation rate, female (% ages 15 and older) (1998)",30.548
"Labour force participation rate, female (% ages 15 and older) (1999)",30.512
"Labour force participation rate, female (% ages 15 and older) (2000)",30.477
"Labour force participation rate, female (% ages 15 and older) (2001)",30.771
"Labour force participation rate, female (% ages 15 and older) (2002)",31.065
"Labour force participation rate, female (% ages 15 and older) (2003)",31.362
"Labour force participation rate, female (% ages 15 and older) (2004)",31.658
"Labour force participation rate, female (% ages 15 and older) (2005)",31.955
"Labour force participation rate, female (% ages 15 and older) (2006)",30.712
"Labour force participation rate, female (% ages 15 and older) (2007)",29.49
"Labour force participation rate, female (% ages 15 and older) (2008)",28.29
"Labour force participation rate, female (% ages 15 and older) (2009)",27.114
"Labour force participation rate, female (% ages 15 and older) (2010)",25.965
"Labour force participation rate, female (% ages 15 and older) (2011)",24.509
"Labour force participation rate, female (% ages 15 and older) (2012)",23.099
"Labour force participation rate, female (% ages 15 and older) (2013)",22.65
"Labour force participation rate, female (% ages 15 and older) (2014)",22.208
"Labour force participation rate, female (% ages 15 and older) (2015)",21.775
"Labour force participation rate, female (% ages 15 and older) (2016)",21.351
"Labour force participation rate, female (% ages 15 and older) (2017)",20.934
"Labour force participation rate, female (% ages 15 and older) (2018)",20.526
"Labour force participation rate, female (% ages 15 and older) (2019)",21.179
"Labour force participation rate, female (% ages 15 and older) (2020)",18.603
"Labour force participation rate, female (% ages 15 and older) (2021)",19.233
"Labour force participation rate, male (% ages 15 and older) (1990)",84.227
"Labour force participation rate, male (% ages 15 and older) (1991)",84.093
"Labour force participation rate, male (% ages 15 and older) (1992)",83.96599999999999
"Labour force participation rate, male (% ages 15 and older) (1993)",83.83799999999999
"Labour force participation rate, male (% ages 15 and older) (1994)",83.699
"Labour force participation rate, male (% ages 15 and older) (1995)",83.461
"Labour force participation rate, male (% ages 15 and older) (1996)",83.221
"Labour force participation rate, male (% ages 15 and older) (1997)",82.977
"Labour force participation rate, male (% ages 15 and older) (1998)",82.73
"Labour force participation rate, male (% ages 15 and older) (1999)",82.483
"Labour force participation rate, male (% ages 15 and older) (2000)",82.236
"Labour force participation rate, male (% ages 15 and older) (2001)",82.19199999999999
"Labour force participation rate, male (% ages 15 and older) (2002)",82.149
"Labour force participation rate, male (% ages 15 and older) (2003)",82.10599999999999
"Labour force participation rate, male (% ages 15 and older) (2004)",82.059
"Labour force participation rate, male (% ages 15 and older) (2005)",82.009
"Labour force participation rate, male (% ages 15 and older) (2006)",81.524
"Labour force participation rate, male (% ages 15 and older) (2007)",81.00700000000001
"Labour force participation rate, male (% ages 15 and older) (2008)",80.461
"Labour force participation rate, male (% ages 15 and older) (2009)",79.886
"Labour force participation rate, male (% ages 15 and older) (2010)",79.28400000000001
"Labour force participation rate, male (% ages 15 and older) (2011)",78.773
"Labour force participation rate, male (% ages 15 and older) (2012)",78.22
"Labour force participation rate, male (% ages 15 and older) (2013)",77.46299999999999
"Labour force participation rate, male (% ages 15 and older) (2014)",76.697
"Labour force participation rate, male (% ages 15 and older) (2015)",75.92100000000001
"Labour force participation rate, male (% ages 15 and older) (2016)",75.139
"Labour force participation rate, male (% ages 15 and older) (2017)",74.349
"Labour force participation rate, male (% ages 15 and older) (2018)",73.551
"Labour force participation rate, male (% ages 15 and older) (2019)",73.245
"Labour force participation rate, male (% ages 15 and older) (2020)",69.431
"Labour force participation rate, male (% ages 15 and older) (2021)",70.092
Difference from HDI rank (2021),6
Planetary pressures-adjusted Human Development Index (value) (1990),.426
Planetary pressures-adjusted Human Development Index (value) (1991),.428
Planetary pressures-adjusted Human Development Index (value) (1992),.433
Planetary pressures-adjusted Human Development Index (value) (1993),.437
Planetary pressures-adjusted Human Development Index (value) (1994),.443
Planetary pressures-adjusted Human Development Index (value) (1995),.449
Planetary pressures-adjusted Human Development Index (value) (1996),.456
Planetary pressures-adjusted Human Development Index (value) (1997),.461
Planetary pressures-adjusted Human Development Index (value) (1998),.468
Planetary pressures-adjusted Human Development Index (value) (1999),.475
Planetary pressures-adjusted Human Development Index (value) (2000),.48
Planetary pressures-adjusted Human Development Index (value) (2001),.485
Planetary pressures-adjusted Human Development Index (value) (2002),.492
Planetary pressures-adjusted Human Development Index (value) (2003),.504
Planetary pressures-adjusted Human Development Index (value) (2004),.513
Planetary pressures-adjusted Human Development Index (value) (2005),.522
Planetary pressures-adjusted Human Development Index (value) (2006),.53
Planetary pressures-adjusted Human Development Index (value) (2007),.538
Planetary pressures-adjusted Human Development Index (value) (2008),.544
Planetary pressures-adjusted Human Development Index (value) (2009),.549
Planetary pressures-adjusted Human Development Index (value) (2010),.5570000000000001
Planetary pressures-adjusted Human Development Index (value) (2011),.569
Planetary pressures-adjusted Human Development Index (value) (2012),.578
Planetary pressures-adjusted Human Development Index (value) (2013),.587
Planetary pressures-adjusted Human Development Index (value) (2014),.598
Planetary pressures-adjusted Human Development Index (value) (2015),.607
Planetary pressures-adjusted Human Development Index (value) (2016),.616
Planetary pressures-adjusted Human Development Index (value) (2017),.621
Planetary pressures-adjusted Human Development Index (value) (2018),.621
Planetary pressures-adjusted Human Development Index (value) (2019),.62
Planetary pressures-adjusted Human Development Index (value) (2020),.618
Planetary pressures-adjusted Human Development Index (value) (2021),.609
Difference from HDI value (%) (1990),1.843317972350234
Difference from HDI value (%) (1991),2.059496567505725
Difference from HDI value (%) (1992),2.036199095022628
Difference from HDI value (%) (1993),2.017937219730948
Difference from HDI value (%) (1994),1.991150442477874
Difference from HDI value (%) (1995),1.965065502183405
Difference from HDI value (%) (1996),2.145922746781115
Difference from HDI value (%) (1997),2.123142250530774
Difference from HDI value (%) (1998),2.09205020920501
Difference from HDI value (%) (1999),2.263374485596714
Difference from HDI value (%) (2000),2.24032586558045
Difference from HDI value (%) (2001),2.217741935483875
Difference from HDI value (%) (2002),2.186878727634201
Difference from HDI value (%) (2003),2.325581395348841
Difference from HDI value (%) (2004),2.285714285714291
Difference from HDI value (%) (2005),2.247191011235961
Difference from HDI value (%) (2006),2.394106813996322
Difference from HDI value (%) (2007),2.712477396021706
Difference from HDI value (%) (2008),2.857142857142858
Difference from HDI value (%) (2009),2.831858407079624
Difference from HDI value (%) (2010),3.130434782608682
Difference from HDI value (%) (2011),3.231292517006801
Difference from HDI value (%) (2012),3.344481605351168
Difference from HDI value (%) (2013),3.29489291598023
Difference from HDI value (%) (2014),3.392568659127626
Difference from HDI value (%) (2015),3.497615262321152
Difference from HDI value (%) (2016),3.599374021909241
Difference from HDI value (%) (2017),3.57142857142857
Difference from HDI value (%) (2018),3.720930232558139
Difference from HDI value (%) (2019),3.875968992248069
Difference from HDI value (%) (2020),3.738317757009346
Difference from HDI value (%) (2021),3.791469194312802
Carbon dioxide emissions per capita (production) (tonnes) (1990),.662467546
Carbon dioxide emissions per capita (production) (tonnes) (1991),.691061836
Carbon dioxide emissions per capita (production) (tonnes) (1992),.721464905
Carbon dioxide emissions per capita (production) (tonnes) (1993),.730982832
Carbon dioxide emissions per capita (production) (tonnes) (1994),.758160122
Carbon dioxide emissions per capita (production) (tonnes) (1995),.790645026
Carbon dioxide emissions per capita (production) (tonnes) (1996),.840745238
Carbon dioxide emissions per capita (production) (tonnes) (1997),.858913152
Carbon dioxide emissions per capita (production) (tonnes) (1998),.860924213
Carbon dioxide emissions per capita (production) (tonnes) (1999),.916854893
Carbon dioxide emissions per capita (production) (tonnes) (2000),.926501849
Carbon dioxide emissions per capita (production) (tonnes) (2001),.923311648
Carbon dioxide emissions per capita (production) (tonnes) (2002),.935709427
Carbon dioxide emissions per capita (production) (tonnes) (2003),.953301068
Carbon dioxide emissions per capita (production) (tonnes) (2004),.996324301
Carbon dioxide emissions per capita (production) (tonnes) (2005),1.033411591
Carbon dioxide emissions per capita (production) (tonnes) (2006),1.080874404
Carbon dioxide emissions per capita (production) (tonnes) (2007),1.147854401
Carbon dioxide emissions per capita (production) (tonnes) (2008),1.21833217
Carbon dioxide emissions per capita (production) (tonnes) (2009),1.324449273
Carbon dioxide emissions per capita (production) (tonnes) (2010),1.359404681
Carbon dioxide emissions per capita (production) (tonnes) (2011),1.423776027
Carbon dioxide emissions per capita (production) (tonnes) (2012),1.551285071
Carbon dioxide emissions per capita (production) (tonnes) (2013),1.590310828
Carbon dioxide emissions per capita (production) (tonnes) (2014),1.687136923
Carbon dioxide emissions per capita (production) (tonnes) (2015),1.731529473
Carbon dioxide emissions per capita (production) (tonnes) (2016),1.79855959
Carbon dioxide emissions per capita (production) (tonnes) (2017),1.81810563
Carbon dioxide emissions per capita (production) (tonnes) (2018),1.922020137
Carbon dioxide emissions per capita (production) (tonnes) (2019),1.921790091
Carbon dioxide emissions per capita (production) (tonnes) (2020),1.769409088
Carbon dioxide emissions per capita (production) (tonnes) (2021),1.769409088
Material footprint per capita (tonnes) (1990),3.14
Material footprint per capita (tonnes) (1991),3.12
Material footprint per capita (tonnes) (1992),3.16
Material footprint per capita (tonnes) (1993),3
Material footprint per capita (tonnes) (1994),3.02
Material footprint per capita (tonnes) (1995),3.07
Material footprint per capita (tonnes) (1996),3.2
Material footprint per capita (tonnes) (1997),3.33
Material footprint per capita (tonnes) (1998),3.37
Material footprint per capita (tonnes) (1999),3.54
Material footprint per capita (tonnes) (2000),3.57
Material footprint per capita (tonnes) (2001),3.44
Material footprint per capita (tonnes) (2002),3.35
Material footprint per capita (tonnes) (2003),3.48
Material footprint per capita (tonnes) (2004),3.45
Material footprint per capita (tonnes) (2005),3.37
Material footprint per capita (tonnes) (2006),3.55
Material footprint per capita (tonnes) (2007),3.98
Material footprint per capita (tonnes) (2008),4.05
Material footprint per capita (tonnes) (2009),4.18
Material footprint per capita (tonnes) (2010),4.52
Material footprint per capita (tonnes) (2011),4.86
Material footprint per capita (tonnes) (2012),4.71
Material footprint per capita (tonnes) (2013),4.7
Material footprint per capita (tonnes) (2014),4.6
Material footprint per capita (tonnes) (2015),4.76
Material footprint per capita (tonnes) (2016),4.78
Material footprint per capita (tonnes) (2017),4.84
Material footprint per capita (tonnes) (2018),5.11
Material footprint per capita (tonnes) (2019),5.23
Material footprint per capita (tonnes) (2020),5.23
Material footprint per capita (tonnes) (2021),5.23
Survey ,DHS
Year,2019/2021
Multidimensional Poverty Index,0.0688106
Health,32.158868
Education,28.170359
Standard of living,39.670771
Nutrition,28.57861245
Child mortality,3.580257604
Years of schooling,18.70964669
School attendance,9.460709153
Cooking fuel,11.22178955
Sanitation,9.112136171
Drinking water,2.151176198
Electricity,1.677027292
Housing,10.98558323
Assets,4.523061673